小区名称,均价,在售套数,所在区,所在街道,经度,纬度
"
西湖八号公馆
",122515,0,上城,清波,120.1678865201603,30.24459009832104
"
南都花园别墅
",119951,1,西湖,文一西路,120.10986281133759,30.297571938843024
"
广宇吴山鸣翠苑
",119925,0,上城,清波,120.1675946607001,30.241194016558477
"
嘉禾苑
",119791,0,上城,清波,120.16972427357261,30.249466942042684
"
蔡官巷公寓
",119254,2,上城,清波,120.16646252626587,30.24148815593561
"
闻潮一品公寓
",118707,0,上城,南星,120.1940142749013,30.233457543111257
"
丹金桂花园
",118245,0,西湖,文三西路,120.11194014282941,30.282268819147156
"
凤起潮鸣府
",117990,9,拱墅,潮鸣,120.19371208492775,30.268561393482095
"
西子公寓
",116278,2,拱墅,武林,120.16498678997408,30.26653626983461
"
小河东河下
",116185,2,拱墅,桥西,120.14298396430434,30.31345059195395
"
上品华庭
",116022,14,上城,南星,120.1919480823978,30.235185141817688
"
武林壹号
",114726,4,拱墅,湖墅,120.16489812722025,30.283929981244107
"
观湖里
",114647,10,萧山,闻堰,120.20059795598392,30.123378212153547
"
绿城九龙仓柳岸晓风
",114055,4,滨江,长河,120.18621590510809,30.204177232280653
"
小河东河下58号
",113910,2,拱墅,桥西,120.14298396430434,30.31345059195395
"
滨江钱塘印象
",112811,9,上城,南星,120.19378323072414,30.22883935983167
"
保亿绿城奥邸国际
",110719,68,萧山,奥体,120.2432884880568,30.24063826152927
"
东方润园
",110596,10,上城,钱江新城,120.22832631148262,30.25965700664794
"
钱江候潮府
",110008,12,上城,南星,120.19109325487452,30.230454083409022
"
马塍路19号
",109567,1,西湖,文三,120.15388597963452,30.283391077363227
"
滨江保利翡翠海岸
",109246,33,上城,近江,120.20159444628617,30.24404255250184
"
海潮望月城
",108995,10,上城,四季青,120.1916650263316,30.245765595466924
"
润和山庄
",108808,1,西湖,之江,120.0865949918487,30.175959087808213
"
云桂花园
",108374,0,西湖,文三西路,120.10445141894549,30.281015249030823
"
仁滨公寓
",107708,0,上城,南星,120.19239696566115,30.23185909501573
"
凤起钱潮
",107631,14,上城,景芳,120.22185285248608,30.27208868849653
"
臻奥院
",106360,148,滨江,奥体,120.23967199990419,30.22859807341026
"
湘湖壹号
",105567,2,萧山,闻堰,120.2005397457869,30.12639348266852
"
金色海岸
",105412,8,上城,南星,120.16654292460902,30.210270961695358
"
绿城蓝色钱江
",104777,34,上城,南星,120.20219658046949,30.229946320908155
"
绿城西溪云庐
",104429,17,西湖,西溪,120.15605664506884,30.28108347148038
"
麒麟山庄
",103580,3,临安,临安,119.73151737122271,30.239805598053564
"
融创滨江御潮府
",102930,13,上城,望江,120.18766945325378,30.241500245973192
"
万科大都会79号
",102888,13,上城,钱江新城,120.23682850364291,30.272778849008258
"
中海钱江湾
",102879,14,上城,钱江新城,120.2398659440638,30.27628782339343
"
德信大家运河云庄南区
",102650,4,余杭,万达广场,120.13792012631403,30.354984188432947
"
西湖花苑
",102563,2,拱墅,武林,120.16486920178282,30.26701171370481
"
小河直街15号
",102372,1,拱墅,和睦,120.14201280621751,30.313146226030277
"
郡西别墅
",102012,5,余杭,良渚,120.02843896262438,30.366269989583063
"
中海黄龙云起
",101934,9,西湖,翠苑,120.13183204038127,30.286481001862324
"
滨江金茂府
",101717,66,滨江,滨江区政府,120.22521952187637,30.22266144337834
"
银杏汇
",101551,26,滨江,彩虹城,120.15502997170148,30.195709189470033
"
长生路48号
",100592,2,上城,湖滨,120.16890304267538,30.262850077798323
"
滨江金地御品
",99708,21,上城,望江,120.18925666925936,30.244202916667707
"
曙光路101号
",99436,0,西湖,黄龙,120.13808020435592,30.263446880758657
"
世纪西溪
",97935,0,西湖,文三西路,120.09976603706653,30.28315904838262
"
江明月朗园
",97584,192,上城,四季青,120.19729695272642,30.24612094832065
"
林语别墅
",97475,4,西湖,文一西路,120.09635615918121,30.28991557396836
"
晓风印月公寓
",97016,44,滨江,滨江区政府,120.22585004251381,30.207123137716746
"
柳浪东苑
",96782,10,上城,清波,120.16707283502936,30.246125394122945
"
金隅学府
",96080,30,上城,南星,120.18770897869622,30.22966704650321
"
新绿园
",95586,36,上城,南星,120.19859347706897,30.22941671298271
"
蕲王路11号
",94136,1,上城,湖滨,120.16843403736861,30.26150103850217
"
武林外滩
",93346,11,拱墅,朝晖,120.16813337451444,30.28792917522505
"
钱江御府
",93018,30,上城,南星,120.18912722343536,30.231643636776592
"
索菲特世外桃源
",92971,2,萧山,闻堰,120.19242535211525,30.1288171270228
"
望江府
",92751,35,上城,南星,120.19572581638947,30.23476211815786
"
滨江西溪明珠
",92715,11,西湖,西溪,120.15605664506884,30.28108347148038
"
钱江水晶澜轩
",92211,18,滨江,彩虹城,120.17398475694533,30.198524642911675
"
元华公寓
",92105,1,上城,湖滨,120.1692109818042,30.25492908796033
"
时代滨江丹枫四季
",92059,10,滨江,滨江区政府,120.22373875507373,30.21930641407866
"
融信远洋厘望轩
",91807,13,拱墅,信义坊,120.14328399834467,30.303923057059983
"
滨江华家池
",91590,36,上城,华家池,120.19880583649152,30.27989748559433
"
西湖定安名都
",91470,10,上城,清波,120.17570582047189,30.251062839112915
"
如意里
",90748,1,拱墅,桥西,120.14502832798395,30.32495952166837
"
万象城悦府
",90659,44,上城,钱江新城,120.22317938023266,30.259210537616312
"
水岸枫庭
",90483,18,上城,南星,120.19660849138357,30.22772357089324
"
滨江锦绣之城
",90430,38,拱墅,和睦,120.13430300934755,30.30959501184817
"
澄之华庭南区
",90255,38,萧山,钱江世纪城,120.2573087913038,30.238538609879484
"
首开杭州金茂府
",90125,52,拱墅,和睦,120.12944946467715,30.304561232831404
"
绿城留香园
",89888,73,上城,钱江新城,120.23665962220703,30.27835874654444
"
滨江城市之星
",88078,41,上城,钱江新城,120.21008954183291,30.246325143029953
"
高士坊巷
",87617,0,上城,鼓楼,120.17592347989697,30.234833961324668
"
清波苑
",87395,2,上城,清波,120.1702867026524,30.250384535362084
"
绿城桃源小镇观翠苑
",87046,10,余杭,小和山,119.97042585380669,30.22965659319987
"
观翠揽月轩
",87044,54,上城,七堡,120.23946583878966,30.28883338579019
"
平海路小区
",86539,1,上城,湖滨,120.17599687145713,30.260470939762257
"
溪上玫瑰园
",86387,16,余杭,翡翠城,120.02797489799792,30.257043827433787
"
洽丰里
",85600,1,上城,湖滨,120.16831626951627,30.253963651519044
"
敬胜里
",85437,3,拱墅,桥西,120.14395602069668,30.32434197664292
"
雅戈尔御西湖
",85220,38,西湖,文教,120.13707068862381,30.291692219986416
"
文二路37号
",84716,1,西湖,学军,120.15055955433108,30.289469555793282
"
德信九溪云庄
",84628,19,西湖,之江,120.09791804297141,30.163411226788536
"
西溪诚园明礼苑
",83993,8,西湖,西溪,120.09961368445205,30.281331410950713
"
融创宜和园
",83911,14,拱墅,申花,120.12832002515945,30.311989003262823
"
湖印宸山庄
",83566,17,临平,星桥,120.24709613562196,30.398352316090147
"
融信公馆arc
",83560,16,拱墅,和睦,120.13471667903491,30.30486242975911
"
同和里
",83236,2,拱墅,桥西,120.14403821565084,30.322844078504893
"
九龙仓君玺
",83228,20,拱墅,和平,120.18120884002602,30.28994059957349
"
金地自在城十方别墅
",83203,6,西湖,三墩,120.0809909129247,30.340768784542355
"
融创涌清府
",82569,17,上城,景芳,120.22482498609638,30.282294158592727
"
富越香墅
",82423,8,西湖,文一西路,120.09600123867422,30.297747961636567
"
绿城建发沁园
",82402,38,西湖,申花,120.08061721783254,30.17530945278399
"
阳明谷
",82336,7,西湖,之江,120.0921495741391,30.175457988002805
"
通惠花园
",82280,3,萧山,萧山新城区,120.29018138313593,30.19837785959106
"
滨江凯旋门
",82102,37,上城,采荷,120.19807560394247,30.26169623275597
"
赞成林风和风苑
",81983,18,上城,南星,120.1952472890443,30.23210310362593
"
杭房建发养云静舍
",81760,13,拱墅,申花,120.12072808597242,30.307340409374223
"
三衙前
",81549,4,上城,清波,120.16641895844863,30.246633072208812
"
宝石二路6号
",81179,1,西湖,黄龙,120.19795352422366,30.390560532509753
"
绿城兰园
",81069,50,拱墅,建国北路,120.19140299061435,30.27992789367049
"
远洋公馆绿园
",80761,21,拱墅,拱宸桥,120.15075807984879,30.314349108885185
"
马塍路15号
",80760,2,西湖,文三,120.15381384570208,30.282956568338825
"
小河直街
",80699,1,拱墅,和睦,120.1377502567421,30.31145898485902
"
遂安路
",80436,2,拱墅,武林,120.16763804885623,30.27415252753294
"
绿园
",80431,9,西湖,黄龙,120.13561094217009,30.271835189149837
"
万科古翠隐秀
",80355,35,拱墅,和睦,120.13501356900596,30.282605326445402
"
书香印翠
",80141,16,西湖,文教,120.15176759558089,30.2958443571902
"
文三路54号
",80052,0,西湖,学军,120.15445137312251,30.284010130466356
"
滨江观品
",79846,28,萧山,奥体,120.24828441415056,30.24408545150207
"
栖江揽月轩
",79812,61,上城,七堡,120.24101990732193,30.28982880289501
"
西溪诚园正信苑
",79710,16,西湖,西溪,120.09961368445205,30.281331410950713
"
五柳巷
",79546,0,上城,城站,120.1879333754126,30.249451343271403
"
西溪玫瑰
",79485,29,余杭,西溪,120.04806630920353,30.256060786574146
"
创世邸
",79241,115,萧山,钱江世纪城,120.25500185292363,30.241509294000327
"
长生路30号
",79190,2,上城,湖滨,120.17008952459297,30.26272140557058
"
德信臻园
",78698,18,拱墅,桥西,120.14277519810382,30.331374696515354
"
华润亚奥城南区
",78618,38,萧山,钱江世纪城,120.25610613988704,30.26122318040457
"
仁寿山
",78594,4,西湖,黄龙,120.13922617269499,30.275740767949983
"
滨江嘉品
",78490,48,萧山,钱江世纪城,120.26058248607382,30.237506005826564
"
东方苑
",78466,3,西湖,之江,120.11785377783215,30.251886125202528
"
南山路小区
",78271,3,上城,清波,120.16527748163712,30.247263200841328
"
珹上润府
",78205,21,拱墅,和睦,120.13315659185572,30.31919205600638
"
江晖府
",78025,38,滨江,长河,120.21852588819931,30.19486568473206
"
新华园
",77977,24,拱墅,湖墅,120.16364148764234,30.28763416281742
"
绿地华家池印
",77935,61,上城,华家池,120.20423348821336,30.279762052585667
"
新湖武林国际公寓
",77899,14,拱墅,体育场路,120.17761570781667,30.27541359363879
"
赞成林风映水苑
",77878,13,上城,南星,120.19659438798706,30.233167123791933
"
求智巷
",77842,20,西湖,学军,120.15079706630792,30.287481666623233
"
吴山人家
",77799,6,上城,清波,120.16749063692204,30.247287067497272
"
盛景琥林名邸
",77769,22,拱墅,申花,120.12678410239849,30.313416531077284
"
文二路57号
",77508,0,西湖,学军,120.14919736385575,30.288811244504256
"
华元和庄
",77493,3,西湖,西溪,120.15605664506884,30.28108347148038
"
紫荆欣苑
",77452,3,西湖,文一西路,120.10182558210926,30.29874297553635
"
世茂之西湖
",77447,46,滨江,彩虹城,120.15379632874465,30.194736532423224
"
春江名苑
",77283,11,上城,南星,120.19875660934959,30.23297132623291
"
三元坊巷
",77199,1,上城,湖滨,120.17296293442773,30.25833241088437
"
世贸丽晶城
",77163,52,西湖,九莲,120.14478848041277,30.280007968225533
"
东方御府
",77013,36,上城,景芳,120.2348410027021,30.279643772710926
"
融创金成杭源里
",76992,26,拱墅,大关,120.15705295570996,30.30685004101561
"
涌金花园
",76932,2,上城,清波,120.16850527299556,30.25091972264076
"
天珏华庭
",76926,21,拱墅,申花,120.12203179675906,30.308420442596244
"
澄之华庭北区
",76809,60,萧山,钱江世纪城,120.25852267153944,30.23963953251374
"
四条巷
",76770,8,上城,清波,120.20428990179938,30.232618187567876
"
融创华奥时代奥城
",76712,91,萧山,钱江世纪城,120.25331528432865,30.236927842615785
"
玉润钱潮府
",76683,81,上城,景芳,120.21864239842397,30.283353653371588
"
西溪诚园知敬苑
",76665,20,西湖,西溪,120.09961368445205,30.281331410950713
"
远洋大河宸章
",76504,34,拱墅,桥西,120.14196492653382,30.326566024340586
"
西子铭苑
",76453,24,拱墅,武林,120.16489237806498,30.274985286804185
"
湖滨阁
",76404,3,拱墅,武林,120.1645962965689,30.271109464663112
"
景瑞瑞名邸
",76395,36,萧山,钱江世纪城,120.25176435986566,30.225991471042544
"
晓月澄庐
",76223,15,余杭,未来科技城,120.03695750394495,30.27518068789901
"
北山街99号
",76171,1,西湖,黄龙,120.13766779229628,30.259310437677247
"
天璞御园
",76044,62,萧山,钱江世纪城,120.25395802192102,30.23932705708472
"
绿城运河宸园
",75965,25,拱墅,桥西,120.30343641991897,30.481452873988296
"
赛丽绿城丽园
",75916,9,上城,鼓楼,120.17849443026651,30.234326143666134
"
古翠蓝庭
",75589,15,西湖,翠苑,120.12631922929708,30.29842835143526
"
杭州公馆
",75335,38,西湖,文教,120.13744105998556,30.297528751625254
"
滨江天澜美境
",75307,12,上城,七堡,120.27387435338277,30.299201111929463
"
金帝花园
",75286,2,西湖,三墩,120.09432176669277,30.330936817576408
"
天目山路95号
",75275,1,西湖,黄龙,120.15332714377678,30.277697007187427
"
九龙仓碧玺
",75231,78,拱墅,桥西,120.13943574737047,30.324239883383832
"
九龙仓华发荟品天语城
",75210,30,拱墅,申花,120.12427836900896,30.30949243539337
"
天尔名庭
",75208,12,拱墅,申花,120.14803289042315,30.325204543491335
"
彩虹豪庭
",75143,28,滨江,彩虹城,120.16360016558887,30.197331485538243
"
南山路154-166号
",74917,0,上城,清波,120.16614515492921,30.243047290386286
"
大华西溪风情
",74738,107,余杭,西溪,120.1311463637855,30.288603474796965
"
文二新村
",74625,39,西湖,学军,120.11785377783215,30.251886125202528
"
星洲花园白沙拂庭
",74558,5,西湖,文一西路,120.10241181628508,30.295649309489495
"
吉祥寺弄
",74445,7,拱墅,桥西,120.14424994625955,30.324156494153534
"
荷花池头
",74352,2,上城,清波,120.16742721655304,30.24422218218931
"
大家武林府
",74346,15,拱墅,朝晖,120.17483446412722,30.284733029801654
"
十里风荷
",74281,36,余杭,中泰,119.9563415912074,30.244315155826946
"
崇文公寓
",74038,33,西湖,学军,120.15224360767063,30.28706440587411
"
中海御道
",73953,87,上城,钱江新城,120.2392349742736,30.275628798981774
"
首开天青里
",73602,11,拱墅,半山,120.20968844842271,30.35933500276477
"
思鑫坊
",73586,0,上城,湖滨,120.17238810873188,30.261627684758636
"
文三路232号
",73577,2,西湖,文教,120.14261008955107,30.28552866505285
"
下宁巷
",73576,33,西湖,学军,120.15079706630792,30.287481666623233
"
里仁坊巷
",73478,1,上城,湖滨,120.17706369908078,30.261247043634683
"
康都紫轩
",73397,24,上城,南星,120.19021201716922,30.233682436122553
"
蓝爵白马尊邸
",73343,2,西湖,三墩,120.08693194624549,30.340170820472412
"
华门清水湾
",73235,5,余杭,中泰,119.92250826163234,30.24097912499026
"
万丽璞丽
",73115,3,临平,临平新城,120.31692789071224,30.42101089725133
"
五福里
",72953,1,上城,湖滨,120.17218437304223,30.25871423321584
"
泰禾杭州院子
",72926,65,余杭,西溪,120.04073002776464,30.278310950510015
"
银马公寓
",72907,16,西湖,文教,120.14312275250562,30.292992973380034
"
葛洲坝龙湖中杭府
",72795,35,西湖,西溪,120.15605664506884,30.28108347148038
"
耀江广厦
",72550,4,上城,清波,120.17147740660587,30.25116087572461
"
滨江金色家园
",72520,41,上城,南星,120.19137631094071,30.22738671760492
"
曙光公寓
",72347,15,西湖,黄龙,120.13683173935814,30.26245587234407
"
玉皇山庄
",72309,1,西湖,西湖景区,120.12792000971587,30.228932114135855
"
闻潮尚庭
",72309,36,上城,南星,120.19438689202684,30.235614872065188
"
中海望庐云起武林
",72089,17,拱墅,德胜东,120.1845738924664,30.30116560932135
"
滨融府
",72053,15,拱墅,和睦,120.1311593892154,30.31109443963813
"
湖境云庐
",72001,46,余杭,未来科技城,119.99570003865213,30.271216058467076
"
文三路105号
",71841,3,西湖,文三,120.15255738578526,30.283344297371425
"
龙湖春江郦城
",71760,49,滨江,滨江区政府,120.21132309495923,30.204738345413883
"
熙晖府
",71703,29,拱墅,德胜东,120.17934934762036,30.30664854574846
"
中大文锦苑
",71671,43,西湖,学军,120.15069789337961,30.28563594472134
"
金地大运宸府
",71632,29,拱墅,桥西,120.13952620673533,30.335414794270026
"
柳营新村
",71564,0,上城,湖滨,120.1683829237851,30.25463569113162
"
西溪诚园守纯苑
",71498,25,西湖,西溪,120.09961368445205,30.281331410950713
"
文二路25号
",71461,8,西湖,学军,120.15134512249955,30.288976992177137
"
文二路48号
",71406,2,西湖,文教,120.15012261853103,30.29055306221716
"
富力西溪悦墅
",71286,28,余杭,未来科技城,120.03626625785502,30.277986825721417
"
首开东城金茂府
",71201,28,上城,城东新城,120.2127258888436,30.30682548745612
"
茂宸金座
",71198,107,上城,华家池,120.20132998514401,30.27994949119573
"
莫干山路361号
",71038,1,西湖,文教,120.15460085115937,30.289284474410962
"
白马公寓
",70989,3,拱墅,湖墅,120.16620102953192,30.2822600088153
"
文一路82号
",70965,1,西湖,文教,120.1467657406708,30.29542292269805
"
湖畔花园龙珠苑
",70935,4,西湖,文一西路,120.10862602431146,30.295866029132757
"
龙湖唐宁ONE
",70895,10,西湖,嘉绿,120.1244526402779,30.292289781320793
"
花园西村
",70697,10,西湖,文教,120.13370581584454,30.289203393997564
"
锦绣文苑
",70669,6,西湖,文三,120.15811439350055,30.279732736031587
"
镜栖绿汀里
",70588,22,余杭,未来科技城,119.99883808929013,30.270726911248094
"
寰宇天下E区
",70547,34,滨江,滨江区政府,120.22295210893863,30.224367623824257
"
清波街
",70421,5,上城,清波,120.16742721655304,30.24422218218931
"
赞成林风沁林苑
",70415,37,上城,南星,120.19779901567594,30.232204045627885
"
新城国际和园
",70380,16,上城,钱江新城,120.22289156314726,30.262108377545847
"
麒麟山庄D区
",70376,2,临安,临安,119.68525724254482,30.203950632485746
"
阳光城滨奥悦府
",70349,33,萧山,钱江世纪城,120.2540597999353,30.226006527486234
"
皓玉府
",70344,23,上城,城东新城,120.2127258888436,30.30682548745612
"
九龙仓臻玺
",70285,8,拱墅,申花,120.1234132109723,30.315479180084242
"
华润亚奥城北区
",70198,76,萧山,钱江世纪城,120.25610613988704,30.26122318040457
"
景云村小区
",70195,6,上城,清波,120.16744320639113,30.247725947737685
"
宝石二路8号
",69862,3,西湖,黄龙,120.19795352422366,30.390560532509753
"
马塍路37号
",69827,2,西湖,学军,120.15283999269872,30.288760491044556
"
马塍路28号
",69782,4,西湖,学军,120.15338939634862,30.28528978024905
"
天阳凤起
",69743,15,上城,景芳,120.22257500028554,30.273518050627615
"
万安景月湾
",69700,11,西湖,之江,120.08825748585602,30.17626677117963
"
栖霞岭
",69657,5,西湖,黄龙,120.13922617269499,30.275740767949983
"
文三路55号
",69597,2,西湖,文三,120.15521196839781,30.28321604211167
"
世茂国贸天誉湾
",69399,88,上城,火车东站,120.21685297384809,30.309122036836243
"
松木场河西
",69275,26,西湖,黄龙,120.15420622554883,30.27410527524797
"
锦尚和品府
",69239,125,拱墅,德胜东,120.1795329612666,30.302025030324454
"
龙游路
",69062,1,拱墅,武林,120.16763804885623,30.27415252753294
"
融创河滨之城水澜轩
",69004,64,西湖,西溪,120.1311925366887,30.283080067961382
"
钱塘府
",68793,61,上城,景芳,120.22405828234362,30.27687643476856
"
宝石新村
",68780,1,西湖,黄龙,120.15392218134659,30.270038919529565
"
黄龙雅苑
",68663,43,西湖,黄龙,120.14460657354701,30.275445640551588
"
马塍路30号
",68623,2,西湖,学军,120.153872684713,30.28535784376638
"
学院路312号
",68607,4,西湖,文教,120.13555345061745,30.29908082892377
"
广宇西城美墅
",68561,47,西湖,申花,120.10727479316334,30.318337463355885
"
海潮雅园一园
",68550,14,上城,望江,120.1905873292113,30.240292092792295
"
启真名苑
",68510,10,西湖,九莲,120.14995185065358,30.27925127274079
"
星洲花园圣陶沙韵
",68476,12,西湖,文一西路,120.10258096721262,30.296358012109966
"
文二路43号
",68373,2,西湖,学军,120.15041178307469,30.289426131086135
"
合景天銮
",68364,28,拱墅,申花,120.1241061638427,30.316567851992716
"
金基晓庐
",68322,81,上城,钱江新城,120.22602548157992,30.264153868783666
"
新城国际彩园
",68310,12,上城,钱江新城,120.22523299645901,30.261828259649917
"
盛世钱塘
",68300,75,上城,钱江新城,120.22814260800584,30.265584283384552
"
马塍路24号
",68140,2,西湖,学军,120.15379857450841,30.2847293654204
"
西溪诚园致诚苑
",67995,45,西湖,西溪,120.09961368445205,30.281331410950713
"
大家绿城金麟府
",67961,31,拱墅,拱宸桥,120.15459141895153,30.329082570444516
"
曙光路125号
",67959,2,西湖,黄龙,120.13789991444006,30.26149097854
"
宝石一路2号
",67893,2,西湖,黄龙,120.19714909163947,30.390030632293552
"
春江花月
",67794,110,上城,南星,120.18809003989355,30.22258974725832
"
中粮大悦城
",67782,45,拱墅,和睦,120.13649900699725,30.307823993864805
"
马塍路34号
",67637,3,西湖,学军,120.15337160989951,30.286762997797776
"
南兴加儿巷
",67629,2,上城,雄镇楼,120.17960437655465,30.23353945009541
"
金祝新村
",67572,38,西湖,黄龙,120.15747731523287,30.27604922775492
"
运新花苑五区
",67397,2,上城,景芳,120.22992053427119,30.276084549303068
"
君品名邸
",67335,51,萧山,钱江世纪城,120.25667746219139,30.23565036431338
"
远洋公馆
",67325,101,拱墅,拱宸桥,120.15075807984879,30.314349108885185
"
滨江御滨府
",67323,56,滨江,滨江区政府,120.23218237771475,30.199667922123698
"
文二路27号
",67286,1,西湖,学军,120.1152063816637,30.288373095483635
"
朗诗乐府
",67246,20,拱墅,德胜东,120.19008670355058,30.301622019336723
"
文二路70号
",67218,3,西湖,文教,120.14874937889793,30.29055851947896
"
美岸栖庭
",67160,28,拱墅,三塘,120.1770919058738,30.330288294894984
"
仁和路
",67054,3,上城,湖滨,120.17296293442773,30.25833241088437
"
瑞丰格林苑
",67047,2,上城,潮鸣,120.19095132260394,30.25957208020751
"
建德路
",67009,5,拱墅,武林,120.16763804885623,30.27415252753294
"
柳浪新苑
",66998,16,上城,清波,120.16668692298227,30.244783220584242
"
庆春御府
",66955,8,上城,采荷,120.1989923247154,30.26288743170405
"
松木场社区
",66841,33,西湖,黄龙,120.15420622554883,30.27410527524797
"
文二路33号
",66683,2,西湖,学军,120.15075466628784,30.289446946881746
"
马塍路32号
",66658,19,西湖,学军,120.15345218790377,30.286324527679305
"
求智弄
",66577,22,西湖,学军,120.11785377783215,30.251886125202528
"
顺发美哉美城
",66569,126,萧山,钱江世纪城,120.26299425670699,30.230389569868976
"
寰宇天下D区
",66516,25,滨江,滨江区政府,120.2220936881933,30.2233734087302
"
岳王路19号
",66346,0,上城,湖滨,120.17552786615038,30.26049979421728
"
求是村
",66311,92,西湖,黄龙,120.13567202694476,30.269171105733687
"
昆仑公馆
",66191,17,拱墅,朝晖,120.16337666717799,30.2978001915449
"
文二路51号
",66137,3,西湖,学军,120.15018442195012,30.28944156751926
"
金瑞城市风景
",66062,16,拱墅,桥西,120.14013058668243,30.326970100696514
"
水岸帝景
",66058,15,上城,钱江新城,120.23114770942836,30.26191645944196
"
省级机关宿舍
",66017,1,西湖,黄龙,120.15652295545907,30.269984023460083
"
金祝花园
",66000,8,西湖,黄龙,120.15852446996585,30.275917999904
"
日晖新村
",65935,16,西湖,文教,120.15337592176597,30.289314099929737
"
学院路304号
",65918,3,西湖,文教,120.1355933353821,30.299302452000035
"
国樾湾
",65883,21,拱墅,拱宸桥,120.16941902936031,30.331885046247944
"
钱江水晶城
",65870,42,滨江,彩虹城,120.17301036495866,30.197629737233243
"
滨江龙湖东潮府
",65845,19,上城,城东新城,120.23565630478295,30.309127181270338
"
府尚别墅
",65723,8,萧山,闻堰,120.16039797593746,30.147933197675428
"
湖畔花园太子苑
",65717,4,西湖,文一西路,120.10739372881287,30.29556768869269
"
长生路31号
",65685,1,上城,湖滨,120.1700439805036,30.262930166426198
"
马塍路29号
",65658,2,西湖,学军,120.15363023205585,30.285879272658146
"
郡西云台
",65545,14,余杭,良渚,120.02526354247715,30.365128747434674
"
花园南村
",65358,11,西湖,文教,120.13959501693739,30.288670522480917
"
阳光城檀映里
",65223,18,拱墅,三塘,120.18097042974367,30.319250743214436
"
文三路59号
",65206,2,西湖,文三,120.15435363748303,30.283705360357374
"
四宜路10号
",65118,0,上城,清波,120.1689440952372,30.240995193123936
"
星翠澜庭
",65090,28,萧山,钱江世纪城,120.25684472667736,30.250886965707434
"
旭辉和昌都会山
",65081,100,萧山,钱江世纪城,120.25149603600984,30.237550077759884
"
文二路19号
",65056,1,西湖,学军,120.15253690441965,30.289518983533252
"
金成花园别墅
",64919,2,西湖,文一西路,120.1458212622576,30.275050550501664
"
万科新都会1958
",64604,19,拱墅,德胜东,120.19016961714915,30.30733238079125
"
华清山庄
",64582,4,临平,临平新城,120.2874008580909,30.414304931808196
"
绿城明月江南
",64581,90,滨江,滨江区政府,120.23357439193302,30.213437175351743
"
马塍路33号
",64549,8,西湖,学军,120.15363337612513,30.287548013412003
"
铁路新村
",64539,8,西湖,黄龙,120.15237799417493,30.273731076885984
"
旭江华庭
",64350,179,滨江,奥体,120.23452991950398,30.23030625606839
"
南山路260号
",64335,1,上城,湖滨,120.1678470845484,30.254539061838763
"
日耀之城
",64316,105,萧山,钱江世纪城,120.26209720882474,30.25555580932163
"
兰庭国际
",64277,18,西湖,文教,120.14545933496764,30.290029475502223
"
传宸府
",64228,24,拱墅,拱宸桥,120.15807208331103,30.323903988009548
"
水色宜居
",64199,26,拱墅,申花,120.11321438919532,30.3141438100353
"
平海公寓
",64180,19,上城,湖滨,120.1760898460774,30.260675104343697
"
龙湖春江彼岸
",64157,132,滨江,奥体,120.23637360173267,30.22700508435632
"
保利中盛府
",64115,66,上城,景芳,120.21316282464365,30.281856058139862
"
宝石二路7号
",64058,0,西湖,黄龙,120.19795352422366,30.390560532509753
"
将军路
",64042,2,上城,湖滨,120.17296293442773,30.25833241088437
"
西溪河东
",64021,18,西湖,学军,120.14758140207384,30.285437212160492
"
中大广场
",63856,4,拱墅,天水,120.17573483573986,30.272036912614798
"
金都城市芯宇
",63840,82,西湖,文教,120.14296860328011,30.297230182428144
"
万和玺园
",63778,25,拱墅,三塘,120.17730642122956,30.31736042052734
"
耀江文鼎苑
",63723,160,西湖,申花,120.10151791247209,30.30403413595869
"
上宁新村
",63690,17,西湖,文三,120.15046226784436,30.282122707876656
"
青枫墅园二期-鹭语阁排屋
",63671,26,余杭,未来科技城,120.02428798269331,30.286655719374178
"
桃花弄
",63620,7,西湖,黄龙,120.15607829423163,30.275246185384766
"
坤和西溪里
",63566,64,西湖,西溪,120.15605664506884,30.28108347148038
"
皇朝城市花园
",63499,9,西湖,文三西路,120.10247658411235,30.279878616988448
"
融创河滨之城雨澜轩
",63449,90,西湖,西溪,120.1311925366887,30.283080067961382
"
邮电路16-38号
",63384,16,上城,湖滨,120.17614895457996,30.257736980298013
"
名城公馆
",63357,32,拱墅,桥西,120.13633776115822,30.32233874698375
"
王家弄
",63307,10,西湖,黄龙,120.13922617269499,30.275740767949983
"
友谊新村
",63298,28,西湖,黄龙,120.15086686464605,30.273731544732303
"
杭大新村
",63290,9,西湖,黄龙,120.14983803534547,30.27602505626866
"
滨江望品
",63265,16,拱墅,大关,120.16368101308478,30.307054887612683
"
绿城伍重院
",63259,5,临平,东湖,120.2720374084454,30.43032287605006
"
体育场路472号
",63075,0,西湖,黄龙,120.163534319795,30.2763013905788
"
环城西路83号
",63039,2,西湖,黄龙,120.16112389662007,30.27738527781268
"
花园北村1212宿舍
",63025,1,西湖,文教,120.13858334527205,30.289941535110014
"
新民村2号
",63011,2,上城,清波,120.16671791452237,30.24732637727077
"
罗马公寓
",63008,6,西湖,黄龙,120.16083374394034,30.277287111701952
"
体育场路466号
",63005,1,西湖,黄龙,120.16057036076484,30.276851405797387
"
嘉南公寓吟泉居
",62989,1,西湖,文一西路,120.10038946109046,30.293031095287386
"
甬江嘉院
",62942,3,上城,望江,120.18759803796573,30.237455771598583
"
欣盛东方福邸
",62927,111,拱墅,申花,120.11846839846208,30.312544428265575
"
白云深处
",62916,43,余杭,未来科技城,120.02428798269331,30.286655719374178
"
九树公寓
",62898,1,西湖,之江,120.11513379857848,30.188253803138405
"
孝丰路35号(平)
",62857,0,拱墅,武林,120.16390693692054,30.271132389748598
"
青芝坞
",62853,4,西湖,黄龙,120.12608908342543,30.265391748294196
"
滨江紫金府
",62821,34,西湖,申花,120.10714130496456,30.309195072185535
"
天目山路28-1号
",62772,1,西湖,文三,120.13162129790862,30.246016042927103
"
清波新村
",62726,12,上城,清波,120.16559314619332,30.242666420536704
"
翡翠之星公寓
",62710,38,萧山,萧山新城区,120.2428060081674,30.209447167501406
"
珊瑚世纪雅园
",62632,42,西湖,之江,120.09666841017648,30.167887243176967
"
春月锦庐
",62618,31,拱墅,三里亭,120.19852817025838,30.307700681607553
"
文二路68号
",62595,6,西湖,文教,120.1485479788026,30.29026031865288
"
马塍路11号
",62589,18,西湖,文三,120.15446143414422,30.28229337891758
"
中企艮山府西区
",62481,16,上城,景芳,120.22214983228767,30.284937689173358
"
天阳尚景国际
",62477,30,拱墅,申花,120.12516823044714,30.312421122007137
"
碧桂园西江月
",62459,16,拱墅,申花,120.11999551782904,30.31550295204548
"
云栖蝶谷
",62417,8,西湖,之江,120.10881403965469,30.183559410318104
"
马塍路35号
",62311,3,西湖,学军,120.15370847446576,30.287969560046204
"
体育场路523号
",62261,1,西湖,黄龙,120.18946202189893,30.276174061689847
"
唐郡
",62157,1,桐庐,桐庐,119.71909127412908,29.789293100005583
"
今日嘉园
",62122,20,西湖,文教,120.13942577617932,30.295789787529245
"
绿城华润晓月映翠
",62116,47,滨江,长河,120.15445460702234,30.174493012388336
"
劳动路
",62114,14,上城,清波,120.16742721655304,30.24422218218931
"
文二路21号
",62110,9,西湖,学军,120.15153161072342,30.2892393344584
"
文二路23号
",61949,0,西湖,学军,120.15151687851308,30.289483199099422
"
浙旅德信西宸
",61917,17,拱墅,申花,120.12456843185812,30.31474575376213
"
胜利新村
",61916,32,西湖,黄龙,120.15851360046918,30.276809534887256
"
星瓒颂锦府
",61771,127,拱墅,和睦,120.1265465005911,30.322893255444793
"
丽景西苑
",61744,5,拱墅,长庆,120.18556660988547,30.267876739534618
"
曙光路
",61667,6,西湖,黄龙,120.09993833206335,30.274510037888362
"
四宜路14号
",61658,2,上城,清波,120.16860076287128,30.241075611753097
"
香格里拉别墅
",61566,49,余杭,良渚,120.00036493916544,30.359703495591177
"
比胜庙巷20号
",61552,0,上城,湖滨,120.17583005612391,30.252840039579212
"
延庆里6号
",61495,3,上城,湖滨,120.17708507875192,30.263156161049587
"
莱蒙水榭春天
",61474,53,滨江,奥体,120.2332307002449,30.232477930238723
"
小河路338号
",61459,3,拱墅,桥西,120.14348288318457,30.323215204018496
"
体育场路557号
",61439,2,西湖,黄龙,120.15560084485307,30.27354315843197
"
武林门新村
",61340,18,西湖,文三,120.15632380112751,30.28276562700981
"
杭大路28号
",61340,1,西湖,黄龙,120.14798905311429,30.275301936186064
"
混堂巷20号
",61132,4,西湖,文三,120.15730861345808,30.28023501470622
"
文二路162号
",61118,3,西湖,文教,120.14459426676152,30.29197716326013
"
桂花城紫云苑
",61110,1,西湖,文一西路,120.09823748041076,30.288869716199137
"
西城年华
",61097,71,西湖,申花,120.10802730368906,30.31568096877662
"
绿城西子锦兰公寓
",61016,23,拱墅,大关,120.15306205382079,30.306962129884475
"
南都天水苑
",60996,7,拱墅,天水,120.17332764646477,30.273660821938034
"
体育场路470号
",60963,4,拱墅,武林,120.1600600334046,30.27692641471976
"
桂花城
",60952,40,西湖,文一西路,120.10207558053268,30.288860282768074
"
莫干山路79号
",60928,10,西湖,文三,120.15934111950499,30.280654955734015
"
新民村1号
",60924,3,上城,清波,120.16678968913261,30.247092234298112
"
中豪晴园
",60908,16,西湖,文教,120.13965798815364,30.293950070397994
"
绿城桂冠东方
",60817,363,萧山,钱江世纪城,120.26058248607382,30.237506005826564
"
蕙宜村
",60768,5,上城,湖滨,120.17245296638971,30.263183065136424
"
和润园
",60753,3,西湖,文一西路,120.10503585651027,30.29675738102489
"
万科西庐一期
",60736,46,西湖,西溪,120.10291280126799,30.313210216999007
"
望澜府
",60719,17,拱墅,拱宸桥,120.16782902860766,30.33074745127213
"
富越香溪
",60676,18,西湖,西溪,120.15605664506884,30.28108347148038
"
保利天汇
",60667,72,滨江,长河,120.20567796347342,30.18819612942577
"
和家园玺园
",60658,4,西湖,西溪,120.17730642122956,30.31736042052734
"
里东山弄
",60648,26,西湖,黄龙,120.1349592215226,30.263984881489293
"
众安溪园
",60571,17,余杭,闲林,120.00902181953455,30.240862903944365
"
桃园新村
",60544,16,西湖,黄龙,120.15204391435577,30.270691665729288
"
环城西路58号
",60527,0,拱墅,武林,120.16314005350667,30.272507027251926
"
滨江御虹府
",60526,88,萧山,钱江世纪城,120.26768404028294,30.233635086163016
"
沿山河新村
",60512,9,西湖,黄龙,120.15171172097818,30.276538582099693
"
圣苑小区
",60507,31,西湖,申花,120.10169451933535,30.3091631923013
"
金鹿雅园
",60488,2,拱墅,丝绸城,120.18532963689194,30.272058901772766
"
杭大路38号
",60474,5,西湖,黄龙,120.14793281918936,30.275630982221948
"
景瑞申花壹号院
",60438,43,拱墅,申花,120.1134739994877,30.314498990800768
"
尚城墅
",60415,12,滨江,浦沿,120.14253687765202,30.188782542283327
"
保俶花园
",60403,6,西湖,文教,120.14644522526484,30.28735669129171
"
文三新村
",60372,21,西湖,文三,120.11785377783215,30.251886125202528
"
文一路78号
",60370,1,西湖,文教,120.14680337967165,30.295170341770522
"
万寿亭公寓
",60360,3,拱墅,武林,120.16730720293691,30.275548954736223
"
宋浇造巷
",60351,12,上城,湖滨,120.1773100144516,30.261567091096165
"
文三路103号
",60342,7,西湖,文三,120.15320236914144,30.28343154203796
"
梧桐公寓
",60315,20,西湖,文教,120.1362829645221,30.293360237186075
"
绿城西子紫兰公寓
",60308,10,拱墅,信义坊,120.1497470369973,30.304626008957634
"
凯德龙湾
",60305,19,拱墅,桥西,120.14326684070943,30.319123314769325
"
绿城慧园
",60226,41,拱墅,申花,120.11236593964115,30.31270265288091
"
文二路172号
",60145,1,西湖,文教,120.14426252253669,30.29011593455133
"
西溪河下78号
",60100,1,西湖,文教,120.14787757340049,30.29730759223244
"
曙光新村
",60060,60,西湖,黄龙,120.13753439392805,30.267420326883443
"
金都富春山居
",59986,52,富阳,银湖科技城,120.01361898781241,30.158060111655857
"
长生路小区
",59951,3,上城,湖滨,120.17446984192071,30.26334628310362
"
学院路212号
",59915,2,西湖,文教,120.13649613241962,30.29082343018984
"
保俶路
",59889,26,西湖,黄龙,120.13922617269499,30.275740767949983
"
耀江文欣苑
",59847,15,西湖,文教,120.1433194814123,30.288139363222474
"
武林巷38号
",59718,2,西湖,文三,120.15930536694567,30.28313066845583
"
窑背巷6号
",59652,4,西湖,文三,120.15331043529427,30.279146870912406
"
柳浪阁
",59591,13,上城,清波,120.16660131446716,30.243684228113743
"
嘉宸天誉名轩
",59531,63,萧山,萧山新城区,120.24910564504778,30.2158592827264
"
桂语听澜轩
",59512,34,萧山,萧山新城区,120.24657484893453,30.21005373912516
"
文二路166号
",59499,0,西湖,文教,120.14337373906513,30.292022146020624
"
西溪路22-97号
",59472,21,西湖,黄龙,120.15207652284577,30.274796669013906
"
体育场路468号
",59417,1,西湖,黄龙,120.17135487773432,30.24220099758429
"
武林花园
",59412,13,西湖,文三,120.15546017021022,30.27945570975267
"
玉古路139号
",59317,2,西湖,黄龙,120.13207036083307,30.2662229450484
"
丽阳苑
",59264,4,西湖,申花,120.11785377783215,30.251886125202528
"
祥生云境
",59248,20,西湖,之江,120.10078767992304,30.16328898041963
"
顺发吉祥半岛
",59215,46,拱墅,桥西,120.13598921862034,30.320385121780017
"
马塍路8号
",59211,5,西湖,文三,120.1538924474342,30.28067935997485
"
天阳尚景国际二期
",59202,17,拱墅,申花,120.12332302109911,30.314208112113597
"
马塍路2号
",59043,2,西湖,文三,120.15783025946773,30.279319262519415
"
师苑新村
",58933,23,西湖,文教,120.10072569684284,30.272418447192315
"
开化路
",58932,0,拱墅,武林,120.16763804885623,30.27415252753294
"
德信宸光里
",58926,14,上城,城东新城,120.22789395704068,30.3027700116074
"
未央村
",58915,8,拱墅,湖滨,120.17330806340466,30.26355543253011
"
文天公寓
",58873,7,西湖,文三,120.11785377783215,30.251886125202528
"
龙湖滨康天曜城
",58867,71,滨江,西兴,120.23578853535402,30.18971319425616
"
仁和里
",58834,0,上城,湖滨,120.17412300616331,30.258189305110353
"
博学玉府
",58774,8,萧山,萧山新城区,120.28220946071819,30.193026399253185
"
和乐苑
",58718,0,拱墅,武林,120.16687799256424,30.26959054873627
"
外东山弄
",58689,53,西湖,黄龙,120.13469053834456,30.263430192472697
"
曙光路三弄
",58685,5,西湖,黄龙,120.13845470792302,30.26332429197447
"
莫干山路605号
",58675,0,西湖,文教,120.14920248419716,30.29770609973452
"
上尚庭
",58660,39,拱墅,申花,120.11885817322285,30.306336285718743
"
四宜亭50号
",58574,0,上城,清波,120.16865555950739,30.2401044217094
"
文二路64号
",58527,3,西湖,文教,120.1488145060474,30.28979777422642
"
绿城九龙仓桂语江南
",58500,37,萧山,萧山新城区,120.27280501050367,30.128144141457938
"
曙光路17号
",58475,1,西湖,黄龙,120.15284699948168,30.27290306334431
"
教工路138号
",58418,6,西湖,文教,120.14253436239659,30.286923447428205
"
武林巷5-20号
",58390,8,西湖,文三,120.15333019801551,30.280777288751775
"
石灰桥新村
",58381,40,西湖,文教,120.15161290737208,30.291263127361315
"
荣安望江南
",58346,24,滨江,滨江区政府,120.21753155383033,30.207647014840372
"
汇港城
",58260,48,上城,七堡,120.24984000980218,30.305866023024162
"
九龙仓天御
",58228,7,拱墅,三塘,120.1730630954921,30.319831378352713
"
莱德绅华府
",58085,32,拱墅,申花,120.12097035896846,30.30594210081664
"
平如里
",58080,1,上城,鼓楼,120.17789651811908,30.24369070198792
"
马塍路7-1号
",58063,0,西湖,文三,120.15619920615326,30.281206739579165
"
蔚蓝公寓
",58030,29,上城,景芳,120.21222409538572,30.269836957984786
"
文一路95号
",57997,3,西湖,文教,120.148993448505,30.294630174982892
"
瑞琪公寓
",57984,1,西湖,文教,120.1528394537154,30.29066368864991
"
保俶北路82号
",57980,7,西湖,文教,120.14683212544797,30.290678813043186
"
九龙仓珑玺
",57927,43,拱墅,申花,120.12235150369006,30.317565400813333
"
蔡官巷
",57911,0,上城,清波,120.16742721655304,30.24422218218931
"
香港兴业耦园
",57853,43,余杭,西溪,120.04947503190428,30.273737782683025
"
铂瑞悦府
",57775,65,上城,城东新城,120.22748702464466,30.30406102872558
"
运新花苑二区
",57739,8,上城,景芳,120.23262470334787,30.27878992341042
"
中企艮山府东区
",57731,74,上城,景芳,120.22426570108587,30.28628320660235
"
北辰国颂府
",57723,10,萧山,萧山市区,120.26243730729081,30.184459127913886
"
浙大新村
",57692,5,西湖,黄龙,120.13305481384144,30.266893418309376
"
教工路131号
",57661,7,西湖,文教,120.14146115680383,30.29030639366385
"
天目山路22号
",57659,3,西湖,文三,120.13162129790862,30.246016042927103
"
崔家巷
",57586,6,上城,湖滨,120.17296293442773,30.25833241088437
"
花语天境府
",57536,13,上城,城东新城,120.23195843015112,30.301778312964835
"
江韵园
",57528,3,上城,近江,120.20973560946199,30.23491695922769
"
政新花园
",57512,13,西湖,文一西路,120.10538296175933,30.297701032650178
"
阳光城拱宸府
",57496,3,拱墅,拱宸桥,120.15011471344253,30.324241987597127
"
文一路60号
",57429,1,西湖,文教,120.14974928276108,30.295037112862246
"
混堂巷13号
",57407,5,西湖,文三,120.1582222799923,30.280516872837374
"
天目山路
",57361,19,西湖,黄龙,120.13922617269499,30.275740767949983
"
向阳新村
",57343,4,上城,湖滨,120.1743431808438,30.26351168430921
"
沈塘新村
",57307,17,西湖,文三,120.15497346828491,30.285263739898767
"
中山南路227号
",57178,3,上城,鼓楼,120.17698608548473,30.236639695771892
"
绿城西溪融庄
",57093,35,余杭,西溪,120.04823914318365,30.276554176525227
"
文一路54号
",57082,7,西湖,文教,120.15109952577313,30.295317057068285
"
邮电新村
",57067,26,西湖,文三,120.15515986667823,30.286582277245508
"
伊萨卡国际城排屋
",57047,16,钱塘,沿江北,120.39234692641344,30.295121930351034
"
学院路222号
",57034,3,西湖,文教,120.13584953211354,30.292076561879824
"
由义弄
",57014,1,上城,清波,120.17528002366015,30.246774869056114
"
凤起里
",57012,1,拱墅,武林,120.16889855114783,30.27011486943821
"
凯德湖墅
",56911,46,拱墅,和睦,120.14385846471829,30.310685386624247
"
耶稣堂弄
",56851,2,拱墅,天水,120.172690388536,30.274712847431097
"
建工新村
",56824,10,西湖,文教,120.15457399182462,30.288395002981613
"
中山中路191号
",56818,1,上城,清波,120.17722063305337,30.249537292470137
"
耀江文萃苑
",56803,38,西湖,文教,120.13786398221966,30.293381130096982
"
郡枫华庭
",56764,16,西湖,文教,120.1465913795713,30.29631240770813
"
东原印未来
",56713,73,余杭,未来科技城,120.00165041435022,30.275127822039025
"
滨江御江南
",56711,26,萧山,萧山市区,120.25908887350236,30.18179101335857
"
宝石山下二弄
",56672,2,西湖,黄龙,120.15063995267423,30.26722311665349
"
祥生云溪新语
",56650,46,西湖,之江,120.10293220466701,30.169263651101815
"
保俶北路90号
",56533,3,西湖,文教,120.14855956694366,30.29364478577292
"
云龙十一景
",56513,14,拱墅,潮鸣,120.18798664492937,30.265245689625782
"
跑马场巷
",56497,1,西湖,黄龙,120.14512049412927,30.2744797060903
"
文一路57号
",56467,3,西湖,文教,120.15005219137905,30.2945627416255
"
融信孔雀蓝轩
",56459,109,拱墅,申花,120.11272382455633,30.32215700156709
"
瑞祺大厦
",56457,14,西湖,文教,120.153401523473,30.290838554558228
"
之江花园
",56417,11,滨江,彩虹城,120.15759966444332,30.195897336307066
"
星洲花园万黛兰居
",56412,31,西湖,文一西路,120.10313603018722,30.295477024823622
"
太平巷33-34号
",56359,5,上城,雄镇楼,120.18138975875573,30.225680278014075
"
华立江南水乡
",56316,34,余杭,翡翠城,120.03311221737893,30.25651358711302
"
新城金玺钰府
",56286,10,拱墅,申花,120.11223891924203,30.324394503972513
"
保利香槟国际
",56286,28,拱墅,申花,120.11680832987963,30.31482922902486
"
文溪鼎园
",56278,27,西湖,文一西路,120.11195487503979,30.29528135272825
"
海尚观邸
",56152,44,上城,城东新城,120.2367013035827,30.3050885606891
"
岳王路41号
",56148,4,上城,湖滨,120.17608634268592,30.2626689228494
"
文亭公寓
",56098,2,西湖,文教,120.14028752065504,30.296114320647415
"
保俶小区
",56082,2,西湖,黄龙,120.15325716577755,30.272317702871444
"
保亿湖风雅园
",56063,64,萧山,闻堰,120.217132885845,30.116340370893795
"
环城西路50号
",56049,1,拱墅,武林,120.16359270965314,30.27130752474699
"
马塍路13号
",56008,10,西湖,文三,120.11785377783215,30.251886125202528
"
东润枫华
",55996,33,上城,景芳,120.22281466819561,30.278910465461426
"
万科中央公园
",55988,67,上城,城东新城,120.2346932314457,30.301448498036343
"
保俶北路101号
",55903,4,西湖,文教,120.14806666671035,30.29419595011571
"
海潮雅园三园
",55874,12,上城,望江,120.18562176584378,30.237715054819777
"
凯旋路36号
",55815,1,上城,四季青,120.19528968906437,30.25314529644296
"
钱江四苑东区
",55782,15,上城,钱江新城,120.22071398076052,30.265788047323607
"
武林巷28号
",55734,3,西湖,文三,120.15930536694567,30.28313066845583
"
华润绿城杭樾润府
",55708,68,拱墅,和睦,120.12472294040585,30.321568742626013
"
滨江铂金海岸
",55699,30,上城,九堡,120.29029726454672,30.30240317315514
"
佳源西溪印象
",55668,9,余杭,西溪,120.0391546693918,30.28014589590704
"
钱塘帝景
",55661,70,滨江,彩虹城,120.17584496799539,30.198384102373687
"
紫庭花园
",55594,21,拱墅,和平,120.18086703477947,30.28909003722921
"
荣安春熙上和湾
",55593,20,拱墅,三塘,120.17160227107178,30.310149826994007
"
金庆公寓
",55553,3,拱墅,长庆,120.18556705903822,30.264977277982187
"
学院路176-178号大院
",55532,0,西湖,文教,120.13592184570709,30.28990660840733
"
文一路109号
",55521,6,西湖,文教,120.14745689693017,30.294694645906212
"
滨江金色蓝庭
",55507,44,西湖,嘉绿,120.1231334786365,30.294816805325503
"
寰宇天下C区
",55499,72,滨江,滨江区政府,120.22050853829039,30.22172283634917
"
春来枫华公寓
",55485,19,拱墅,三塘,120.19209091297388,30.32215489730856
"
保俶北路45号
",55458,2,西湖,文教,120.14550236380155,30.28632803607182
"
海潮雅园二园
",55454,20,上城,望江,120.18618778814563,30.23973040448586
"
紫玉名府
",55420,5,上城,华家池,120.19754784945536,30.27563113816767
"
南肖埠御景苑
",55419,6,上城,南肖埠,120.20436086793468,30.26455087469557
"
径山园
",55396,8,余杭,未来科技城,120.02428798269331,30.286655719374178
"
马塍路20号
",55326,2,西湖,文三,120.15425527302969,30.28350498654904
"
佑圣观路44号
",55296,0,上城,城站,120.18126803835914,30.246241062907448
"
绿城七里香溪别墅园
",55286,33,富阳,银湖科技城,120.00021447299251,30.15481481061266
"
花园北村
",55280,6,西湖,文教,120.13887547422391,30.290146807195832
"
紫金西苑
",55215,2,西湖,西溪,120.10813375289199,30.284475353293725
"
万科西庐二期
",55182,25,西湖,西溪,120.10291280126799,30.313210216999007
"
教工路106号
",55153,4,西湖,文教,120.14262572006695,30.28476483974373
"
星洲花园格兰馨庐
",55124,16,西湖,文一西路,120.10373861352332,30.297635862126477
"
运新花苑一区
",55087,11,上城,景芳,120.23056363118577,30.277979106594913
"
星洲花园花柏美舍
",55019,24,西湖,文一西路,120.10058699847211,30.29743801163219
"
荣安春月杭宁府
",55005,13,拱墅,申花,120.11939814466491,30.32598558538649
"
南肖埠庆和苑
",54900,11,上城,南肖埠,120.20026450497863,30.26473654907058
"
弥陀寺路
",54881,4,西湖,黄龙,120.13922617269499,30.275740767949983
"
比胜庙巷11号
",54860,0,上城,湖滨,120.17521184227195,30.252458272173524
"
天目山路101号
",54828,4,西湖,黄龙,120.151029727435,30.277243603576675
"
凯旋路34号
",54822,0,上城,四季青,120.1957727079371,30.253043206300585
"
中山御庭
",54803,3,上城,鼓楼,120.17943441715215,30.23748946909599
"
曙光路139号
",54800,0,西湖,黄龙,120.13795138734578,30.2605902567775
"
欣盛东方郡东区
",54728,81,滨江,滨江区政府,120.22243046292898,30.20390732564679
"
半岛国际
",54719,67,滨江,长河,120.20082738321119,30.20708911759761
"
云悦湾
",54696,113,上城,七堡,120.24631901152529,30.304037020110858
"
开元路63、65、67、69号
",54685,1,上城,湖滨,120.17296293442773,30.25833241088437
"
定安苑
",54679,22,上城,清波,120.17338765327285,30.249830626686272
"
融信孔雀蓝郡
",54647,44,拱墅,申花,120.11318178070532,30.32547824398138
"
景江城市花园
",54620,29,上城,近江,120.21353517227755,30.23867870246932
"
光复路146-186号
",54516,15,上城,湖滨,120.17757240949108,30.25701949524527
"
桃花河新村
",54444,10,拱墅,武林,120.16145833576144,30.275214840164953
"
中海钱塘山水
",54416,71,滨江,浦沿,120.1391128963702,30.181308597093345
"
银泰海威国际
",54399,35,滨江,长河,120.20247586365254,30.211902222179603
"
云翠金澜府
",54394,7,上城,七堡,120.25095067473472,30.29740628379674
"
西溪路24号
",54362,0,西湖,黄龙,120.15304911822143,30.274312997992585
"
绿城九龙仓钱塘明月
",54359,39,萧山,萧山新城区,120.27918504572719,30.192533581283257
"
高教新村
",54339,32,西湖,文一西路,120.10257988924599,30.293852310819155
"
嘉璟华庭
",54301,1,拱墅,湖墅,120.16344574687172,30.281264436168748
"
孝子坊
",54290,0,上城,清波,120.16571396828441,30.244294096369828
"
曙光路121号
",54188,2,西湖,黄龙,120.13766339059929,30.262119763167078
"
滨江金色江南公寓
",54179,54,萧山,钱江世纪城,120.26058248607382,30.237506005826564
"
嘉南公寓瀑水居
",54179,17,西湖,文一西路,120.10006831687065,30.294290902864777
"
金茂悦
",54162,58,拱墅,申花,120.12118927602124,30.302400678711287
"
麒麟街小区
",54156,2,拱墅,众安桥,120.17231705276605,30.269283004164812
"
青石桥24幢
",54135,5,西湖,黄龙,120.13299696296662,30.26560666390697
"
月塘璟宸府
",54118,55,上城,笕桥,120.24064010375231,30.315701077476152
"
金成嘉南公寓
",54115,13,西湖,文一西路,120.10023396440668,30.29378300592254
"
马塍路9号
",53985,5,西湖,文三,120.15529200741875,30.281701447737934
"
文二路62号
",53965,3,西湖,文教,120.14942508430252,30.290375779002936
"
上塘宸章
",53896,37,拱墅,运河新城,120.16925814284347,30.3394175550357
"
大兜路198号
",53854,1,拱墅,大关,120.1507640984957,30.30723689516626
"
小河路
",53841,31,拱墅,桥西,120.14165581960783,30.317137201958964
"
欣盛东方郡
",53839,76,滨江,滨江区政府,120.22291500892108,30.20312826744017
"
溪望尚庭
",53822,81,余杭,未来科技城,120.02472357103511,30.278041951182754
"
凤起路512号
",53742,1,拱墅,武林,120.16799000495504,30.269660104827935
"
水澄花园南苑
",53686,6,上城,复兴,120.16132044586567,30.209054618300545
"
西溪蝶园二期
",53630,100,西湖,西溪,120.15605664506884,30.28108347148038
"
绿城深蓝广场
",53555,13,拱墅,朝晖,120.17555247972133,30.281755791412042
"
万科天空之城
",53552,126,余杭,未来科技城,120.0481224532979,30.305208602402676
"
黄龙世纪苑
",53537,4,西湖,黄龙,120.14587830465749,30.275902795239585
"
悦风华邸
",53531,30,上城,城东新城,120.23480758573712,30.31054742437664
"
文二路170号
",53519,2,西湖,文教,120.14416128350572,30.29077805707052
"
环城西路68号
",53512,2,拱墅,武林,120.1630756450016,30.273638131372408
"
玲珑府
",53509,67,滨江,西兴,120.23202122170626,30.1900689858162
"
汀澜府
",53502,23,拱墅,申花,120.11070443376988,30.324135607867802
"
邮电路
",53495,2,上城,湖滨,120.17327841932284,30.257480791949384
"
盛世诚品
",53493,50,西湖,之江,120.10515335487098,30.168428113779928
"
文二路58号
",53491,2,西湖,文教,120.14954446910481,30.289787405347525
"
钱江七苑
",53486,20,上城,钱江新城,120.21678290601831,30.267899275487334
"
延定巷
",53464,2,上城,湖滨,120.17296293442773,30.25833241088437
"
西溪华府
",53422,102,西湖,西溪,120.15605664506884,30.28108347148038
"
河缸桥
",53416,7,西湖,文教,120.11785377783215,30.251886125202528
"
九溪民航宿舍
",53371,0,西湖,之江,120.12374001451684,30.194042072452437
"
钱江六苑
",53339,23,上城,钱江新城,120.21663235001483,30.26647669297443
"
西溪公寓
",53338,10,西湖,文教,120.14639725575059,30.290453584077
"
钱江一苑
",53335,5,上城,钱江新城,120.22319303447641,30.265338019316758
"
水稻大厦
",53322,0,拱墅,武林,120.17470025728403,30.26814163412253
"
枝头巷7-28号
",53295,17,上城,湖滨,120.17769008751289,30.257231777787347
"
凤起桥河下
",53272,14,拱墅,武林,120.16777764553247,30.269508048284976
"
保利鹭沙郡府
",53266,22,钱塘,沿江南,120.38233387421592,30.27974825197488
"
上岛公馆
",53242,7,拱墅,德胜,120.1573087931192,30.301615861128763
"
紫桂花园
",53212,36,西湖,文一西路,120.10915503642629,30.289385045214278
"
钱江华府
",53199,61,上城,城东新城,120.23012453945249,30.28847608406993
"
冠苑小区
",53151,14,西湖,申花,120.11785377783215,30.251886125202528
"
望钱塘云庄
",53146,33,上城,九堡,120.27893064560676,30.31717056007376
"
涌金广场聚景阁
",53128,4,上城,湖滨,120.16934635644455,30.25235703921682
"
西溪名园
",53115,15,余杭,西溪,120.06332420795161,30.258587661150766
"
菩提寺路10号
",53105,2,上城,湖滨,120.17167305754595,30.26315054628269
"
钱江二苑
",53096,5,上城,钱江新城,120.22265198506774,30.26639107066902
"
文二路160号
",53050,1,西湖,文教,120.14364026630993,30.29117261539354
"
香石公寓
",53015,25,拱墅,三塘,120.17466926574394,30.31679925555114
"
宸鹭香舍
",52962,6,拱墅,三塘,120.19295813711322,30.31518970727578
"
保亭人家
",52953,19,西湖,文教,120.13991391539344,30.29811739019066
"
南北西岸
",52936,66,拱墅,桥西,119.37930631678667,29.525371542651957
"
武林巷37号
",52914,5,西湖,文三,120.15930536694567,30.28313066845583
"
越秀前滩名邸
",52897,51,上城,七堡,120.2420795485015,30.299218261795005
"
中旅归锦府
",52797,90,上城,城东新城,120.2127370278319,30.30673288540443
"
青龙苑
",52784,6,拱墅,丝绸城,120.18507703338254,30.274049055915288
"
之江路42号
",52764,0,西湖,之江,120.12462233018873,30.192819049224852
"
延龄苑
",52760,0,拱墅,武林,120.16781968623036,30.274200013716975
"
六和源
",52749,9,上城,复兴,120.15799204429008,30.2090441627844
"
中海云之宸府
",52681,14,滨江,长河,120.19827933963212,30.186697537453078
"
梵天寺路64号
",52666,1,上城,西湖景区,120.17479610648193,30.223222294012388
"
采荷人家
",52653,34,上城,采荷,120.21332137556617,30.261573329827634
"
东宝翠轩
",52636,4,上城,四季青,120.19265783358125,30.244360238649453
"
阳光地带花园
",52591,25,西湖,文一西路,120.09798245147648,30.295133545975627
"
金科博翠碧蓝湾
",52589,43,上城,七堡,120.24010103061578,30.30099504940012
"
华海园
",52561,28,西湖,文教,120.14761257327505,30.296982127634454
"
华苑公寓
",52553,41,西湖,文一西路,120.10410790691846,30.29366942062505
"
秋涛南苑
",52524,28,上城,南星,120.18496618248261,30.22649956622089
"
万科璞悦湾
",52515,71,滨江,浦沿,120.14360999341423,30.176683102233106
"
枫华府第
",52512,56,西湖,翠苑,120.13478486042311,30.287302506678152
"
世纪新城西区
",52512,33,西湖,嘉绿,120.11785377783215,30.251886125202528
"
和家园雍园
",52469,7,西湖,西溪,120.15605664506884,30.28108347148038
"
绿城桃花源
",52448,50,余杭,中泰,119.98585973060418,30.295112575484577
"
绿城杨柳郡
",52419,201,上城,七堡,120.2460141266352,30.30710594329921
"
莫干山路515号
",52415,6,西湖,文教,120.15136138182929,30.29448509575946
"
融创玖樟台
",52414,39,上城,笕桥,120.21681102298078,30.315762728540605
"
柏峰珑悦府
",52398,42,萧山,钱江世纪城,120.24704502203845,30.221261058030244
"
嘉南公寓影池居
",52382,9,西湖,文一西路,120.10090535794484,30.294330427503887
"
溪畔花园
",52379,20,西湖,文教,120.14475362615899,30.295962773248984
"
九月森林
",52327,15,西湖,留下,120.04975692017332,30.2260775189769
"
中南棠玥湾
",52314,64,上城,七堡,120.24345449491506,30.30308025639013
"
西溪蝶园一期
",52246,29,西湖,西溪,120.15605664506884,30.28108347148038
"
金都华府
",52244,41,上城,雄镇楼,120.1828504933455,30.234244393356132
"
棹月雅府
",52203,46,上城,火车东站,120.21398315723536,30.295991305338987
"
碧珑湾
",52156,37,萧山,萧山新城区,120.25648082311525,30.199219070946313
"
瑞立中央花城
",52137,79,滨江,滨江区政府,120.2222788289589,30.20663117130571
"
横广福路
",52115,3,拱墅,众安桥,120.1719345542799,30.266678037661354
"
晓霞弄
",52083,0,上城,鼓楼,120.17428054379721,30.243612031205682
"
江山弄
",52060,19,拱墅,武林,120.14803289042315,30.325204543491335
"
仙林苑
",52034,39,拱墅,众安桥,120.17699030752061,30.265428555355935
"
中山北路363号
",52026,1,拱墅,天水,120.17400622644702,30.2717603322492
"
马塍路4号
",52013,2,西湖,文三,120.15699699127669,30.280705011710186
"
环城西路42号
",51990,0,拱墅,武林,120.16387899961917,30.26984537955565
"
滨江江南之星
",51932,175,萧山,萧山新城区,120.24819934461877,30.195399304360752
"
景湖苑
",51854,9,拱墅,武林,120.16293146696725,30.275804549658307
"
劳工弄
",51848,3,拱墅,武林,120.16597798027378,30.273867999812822
"
丽景苑(下城)
",51846,9,拱墅,潮鸣,120.18688595118797,30.26768647038305
"
文二路98号
",51844,5,西湖,文教,120.14751295119399,30.289715135010454
"
信达东莱府
",51842,27,上城,城东新城,120.23324049177496,30.305704201619683
"
清江路82-3号
",51827,0,上城,四季青,120.19602701822696,30.25098203877632
"
武林巷36号
",51790,2,西湖,文三,120.15930536694567,30.28313066845583
"
新明半岛涵碧园
",51784,9,余杭,中泰,119.95431699024901,30.245893042184033
"
风昀铭苑
",51742,49,余杭,未来科技城,120.03754499574846,30.280189870547833
"
西溪河下76号
",51740,2,西湖,文教,120.14787757340049,30.29730759223244
"
春宸上府
",51687,38,上城,笕桥,120.21501557975797,30.316855450134604
"
曙光路123号
",51661,5,西湖,黄龙,120.13820686543282,30.26206205521007
"
积家
",51650,43,滨江,浦沿,120.1519215651453,30.180086897082255
"
天巢花苑
",51607,6,拱墅,武林,120.16615566510367,30.277553462094335
"
汇鑫枫景苑
",51565,1,上城,南肖埠,120.2081566578671,30.267134453798132
"
中粮方圆府
",51560,28,拱墅,三塘,120.17496031672916,30.32095125394533
"
兴财名都苑
",51559,9,西湖,文教,120.14924533336998,30.292631087370935
"
风景大院
",51540,34,拱墅,桥西,120.13957893726877,30.32855856814857
"
绿城丁香公寓
",51534,23,西湖,黄龙,120.13813284505879,30.277468707233105
"
浣纱路
",51531,18,上城,湖滨,120.17296293442773,30.25833241088437
"
体育场路178-418号
",51513,4,拱墅,武林,120.18181393861754,30.27614645944697
"
新金都城市花园
",51505,52,西湖,文一西路,120.10376744913019,30.291400259458374
"
文二路46号
",51476,3,西湖,文教,120.15032186269313,30.290253847879704
"
顺发和美家
",51461,85,萧山,钱江世纪城,120.27058538741908,30.234898471918953
"
婺江家园四园
",51399,1,上城,近江,120.20352176075781,30.2448506884897
"
定安东苑
",51346,6,上城,清波,120.1767741752149,30.25023907809493
"
文三路52-1号
",51345,4,西湖,文三,120.15442595107659,30.284245665881667
"
紫林公寓
",51334,12,西湖,文一西路,120.09865662976172,30.2934899602617
"
太和广场
",51315,14,上城,南星,120.18404146679063,30.221801086453844
"
景瑞原墅
",51294,13,余杭,未来科技城,120.02428798269331,30.286655719374178
"
恒升花苑
",51291,3,西湖,文三,120.14951284875085,30.28330009025846
"
观璟庭
",51255,49,余杭,未来科技城,120.03764749240715,30.278132631329047
"
金隅会潮悦府
",51227,59,上城,城东新城,120.22973710028604,30.292160368480104
"
世纪新城东区
",51183,82,西湖,嘉绿,120.11785377783215,30.251886125202528
"
文二路66号
",51147,0,西湖,文教,120.14882501622188,30.290092000448958
"
和家园臻园
",51133,36,西湖,西溪,120.15605664506884,30.28108347148038
"
中城汇MIDTOWN
",51130,94,拱墅,万达广场,120.12351903136138,30.333473978662187
"
云荷廷
",51117,105,西湖,之江,120.11208908188297,30.174779782001778
"
紫玉福邸
",51041,18,上城,火车东站,120.20624982476106,30.302309085806396
"
中山中路312-404号
",51035,8,上城,湖滨,120.177308936485,30.25649284224982
"
顺发恒园
",50995,48,萧山,萧山新城区,120.25979314502219,30.207331003507726
"
青山湖玫瑰园
",50924,137,临安,临安,119.80386923259066,30.263567207894578
"
钱江三苑
",50851,28,上城,钱江新城,120.22049560269106,30.264318488795798
"
之江九里
",50843,65,西湖,之江,120.10078597314258,30.171867243799966
"
映月台
",50841,142,余杭,未来科技城,120.02001770779054,30.27840428140692
"
天阳上河
",50832,34,拱墅,桥西,120.13852118253077,30.318215177663163
"
越秀天萃名邸
",50796,27,上城,七堡,120.24260299112215,30.29818006583879
"
体育场路
",50776,0,西湖,黄龙,120.17135487773432,30.24220099758429
"
保俶北路91号
",50700,2,西湖,文教,120.14867508903224,30.294416025187864
"
佑圣观路5号
",50692,2,上城,城站,120.1810226212938,30.24616930615915
"
广厦爱丽山庄
",50692,6,临平,星桥,120.24746632732261,30.394873067767293
"
直戒坛寺巷
",50660,21,拱墅,武林,120.16833279833764,30.273994551981943
"
青年路小区
",50659,18,上城,湖滨,120.17405302816408,30.254076035396068
"
天阅云合源
",50602,31,拱墅,万达广场,120.14226603854077,30.340712447975438
"
闻博花城
",50591,76,萧山,萧山新城区,120.24936929771498,30.20368369038468
"
九溪玫瑰园
",50583,1,西湖,之江,120.11805832199677,30.189967609936954
"
宁东拥潮府
",50578,54,萧山,萧山新城区,120.27901302022202,30.210668109466862
"
星洲花园红树林
",50548,22,西湖,文一西路,120.10231632640937,30.297354209587326
"
文三路57号
",50520,3,西湖,文三,120.15449826467012,30.283712377331504
"
绿城交投汀岸晓庐
",50513,32,余杭,未来科技城,119.983824080488,30.27101417734509
"
得力名门世家
",50496,34,萧山,南部卧城,120.28223443361136,30.145194049017878
"
浦翠景庭
",50483,1,滨江,浦沿,120.14229837753912,30.17892371955351
"
绿城潮听明月
",50453,39,上城,七堡,120.25849644101854,30.307313907253175
"
保俶北路29号
",50437,0,西湖,文教,120.14687982547056,30.28446903806664
"
德信浙旅东宸
",50428,30,上城,城东新城,120.22514145912756,30.305811848740085
"
采荷路35号
",50337,4,上城,采荷,120.19949519613988,30.257650492434788
"
莫干山路347号
",50305,3,西湖,文教,120.12504597106724,30.31298940510994
"
翡翠江南华庭
",50266,43,萧山,钱江世纪城,120.26058248607382,30.237506005826564
"
锦昌文华苑
",50215,55,拱墅,拱宸桥,120.14810915656096,30.31664657135208
"
翠揽云境
",50191,72,上城,七堡,120.26194728163513,30.29856422614117
"
苏黎士小镇
",50161,21,萧山,湘湖,120.23837098403409,30.168619123363154
"
西溪山庄麓云苑
",50129,36,余杭,小和山,119.96948811268483,30.23008790804481
"
保俶北路99号
",50102,0,西湖,文教,120.1480947836728,30.29358296473989
"
荀庄
",50097,33,余杭,瓶窑,120.02854442369124,30.385172221639767
"
信步闲庭
",50091,19,拱墅,桥西,120.14175256711125,30.333541462905202
"
唐家景府
",50087,4,上城,景芳,120.22584348488361,30.273791662965667
"
运新花苑三区
",50076,11,上城,景芳,120.2334653376441,30.28064832838321
"
公元沐桥
",50063,28,西湖,之江,120.10480580046918,30.17128392955003
"
中山中路460-466号
",50056,3,上城,湖滨,120.17666341414552,30.260778824153995
"
紫园
",50005,4,上城,采荷,120.19702368819028,30.258799940269235
"
火药局弄39号
",49992,2,上城,清波,120.1743116503204,30.248419245010414
"
凤凰北苑
",49986,75,上城,南星,120.18708348856961,30.22636741336195
"
河坊街小区
",49947,0,上城,鼓楼,120.17787145539535,30.24565741382022
"
大兜路
",49936,1,拱墅,大关,120.16097908977187,30.31199586230554
"
江新苑小区
",49925,2,上城,复兴,120.16477434072097,30.210160165761025
"
融信杭州世纪
",49924,44,萧山,萧山新城区,120.28444462448812,30.150559610173055
"
西湖大道261、263、265号
",49902,5,上城,清波,120.16966471591729,30.25109754580059
"
星洲花园单身公寓
",49889,3,西湖,文一西路,120.10241181628508,30.295649309489495
"
万科坤和玉泉
",49799,81,西湖,西溪,120.10291280126799,30.313210216999007
"
昆仑橡树园
",49796,51,拱墅,申花,120.11425193205935,30.307791957636052
"
百岁坊巷
",49767,2,上城,鼓楼,120.18026501108771,30.244689558908394
"
中交悦西溪
",49755,24,余杭,西溪,120.03736317871324,30.286539396996087
"
金地大运桥西府
",49723,26,拱墅,万达广场,120.13718387511807,30.340846627130716
"
健康公寓
",49709,4,拱墅,丝绸城,120.18403499899097,30.27399260262754
"
国信嘉园
",49703,48,滨江,彩虹城,120.1682566220304,30.1955059811137
"
顺发旺角城二期
",49697,17,萧山,萧山市区,120.2701277905923,30.176156170749174
"
玉古路167.171号
",49667,15,西湖,黄龙,120.13922617269499,30.275740767949983
"
香积寺巷
",49650,4,拱墅,大关,120.15623289260989,30.30925080349833
"
金地玖峯汇
",49640,66,上城,九堡,120.2780295553497,30.328083503536273
"
布店弄
",49626,2,拱墅,众安桥,120.17342780752914,30.267868239814074
"
德信银树湾
",49591,38,拱墅,桥西,120.13943314228449,30.33319141710678
"
青春都市公寓
",49553,4,上城,南肖埠,120.20589122120147,30.265378725453342
"
富越香郡
",49548,56,拱墅,桥西,120.12647885818622,30.326904949829938
"
环城西路70号
",49518,2,拱墅,武林,120.16277237706143,30.273744488479586
"
荣安招商祥宸府
",49515,39,拱墅,三墩,120.10461895292309,30.338394282833836
"
环城西路38号
",49500,3,拱墅,武林,120.16398904204414,30.26942936867782
"
香兰名院
",49472,7,拱墅,大关,120.15557964484304,30.307086144608693
"
凤起路417号
",49435,1,拱墅,众安桥,120.17197066616141,30.269733559749618
"
文一路91号
",49417,0,西湖,文教,120.14902560784225,30.294453912663243
"
融信萧山公馆
",49410,33,萧山,萧山市区,120.27662379705714,30.177305331983867
"
金地天逸
",49398,104,萧山,萧山市区,120.24170145171233,30.184181440110578
"
滨江西溪之星
",49390,72,余杭,西溪,120.04843865683743,30.271575373076637
"
保俶北路95号
",49387,2,西湖,文教,120.14813008707934,30.2935211436675
"
大华西溪风情澄品
",49370,69,余杭,西溪,120.03958567637548,30.288314389601695
"
之江路51号
",49363,2,西湖,之江,120.13222729480566,30.198479616897963
"
光耀府
",49329,36,萧山,萧山市区,120.2898223304236,30.184145773013896
"
万家花城一期
",49317,90,拱墅,申花,120.12026617727919,30.311028498662928
"
环西新村
",49276,24,拱墅,武林,120.16473786951727,30.273630333925954
"
东方一号
",49273,21,萧山,萧山新城区,120.27821415713201,30.199405884430877
"
景宸天玺名城
",49241,90,萧山,萧山新城区,120.2476352087585,30.21704316292732
"
水沟巷
",49203,4,上城,清波,120.16742721655304,30.24422218218931
"
万科星空
",49112,32,余杭,未来科技城,120.0324198933224,30.29612850871479
"
钱塘滨和花园
",49106,4,滨江,滨江区政府,120.23136986038098,30.205186781023894
"
金昌春和钱塘
",49067,84,萧山,钱江世纪城,120.2629586838088,30.232768819657917
"
勤丰小区
",49062,21,拱墅,申花,120.12948099520055,30.31252205855776
"
景城花园
",49057,12,西湖,翠苑,120.13384172946819,30.28484296117492
"
枫丹白露
",49020,4,西湖,之江,120.08368807521842,30.180327757312966
"
坤和西溪里璞园
",49010,28,西湖,西溪,120.15605664506884,30.28108347148038
"
德雅花园
",49002,12,西湖,文教,120.14201280621751,30.296462473394143
"
柳营花园东区
",48963,7,拱墅,长庆,120.1810953840401,30.266744788557684
"
复兴城市家园
",48954,21,上城,复兴,120.16370760292787,30.214020081389673
"
大和里
",48933,4,拱墅,众安桥,120.17179441862035,30.26933064868419
"
紫樾府
",48828,74,余杭,未来科技城,119.99872885534012,30.275051252261616
"
顺发旭辉国悦府
",48816,11,萧山,萧山市区,120.27041318225281,30.180623407359818
"
世纪之光
",48808,123,萧山,钱江世纪城,120.26058248607382,30.237506005826564
"
文一路93号
",48707,3,西湖,文教,120.14906189938485,30.294267359580964
"
绿城春来晓园
",48686,45,上城,笕桥,120.21327295689916,30.314302032042278
"
近江家园一园
",48677,26,上城,近江,120.20976713998537,30.236305057462282
"
思敬里
",48677,2,拱墅,武林,120.14803289042315,30.325204543491335
"
中山北路369号
",48645,3,拱墅,天水,120.1746220148741,30.272181089662695
"
香洲里
",48592,19,余杭,西溪,120.04426710571019,30.2762237301128
"
秋涛路157号
",48545,7,上城,雄镇楼,120.18411315157033,30.227574569235077
"
东城印象公寓
",48526,12,上城,景芳,120.21471851012582,30.279346318071752
"
万安城市花园西苑
",48525,6,上城,清泰,120.18555088953906,30.26139466799673
"
凤凰山脚路
",48492,2,上城,西湖景区,120.175000560816,30.228603690171777
"
万家花城二期
",48459,54,拱墅,申花,120.11816611865797,30.309718945262123
"
新城西溪逸境
",48454,36,余杭,未来科技城,120.03043769238407,30.279464130489924
"
天钜银河府
",48444,87,萧山,萧山新城区,120.28764995820882,30.193908080673967
"
长庆街
",48435,2,拱墅,长庆,120.18183459964426,30.271792926198437
"
杭印路
",48435,7,拱墅,桥西,120.16284262455231,30.319740737150013
"
富星苑
",48386,12,上城,近江,120.20610744333773,30.243173180686565
"
恒大国玺悦龙府
",48357,46,萧山,萧山新城区,120.27527544048667,30.201211495556052
"
茗春苑
",48350,15,西湖,转塘,120.08586529828294,30.165062942888564
"
时代滨江悦
",48333,16,滨江,西兴,120.24173594664393,30.190521000770953
"
利兹城市公寓
",48289,7,拱墅,建国北路,120.18537464199798,30.27923302776916
"
竹竿巷
",48269,14,拱墅,众安桥,120.1721526089594,30.26542304006816
"
顺福雅苑二区
",48213,3,上城,景芳,120.2166601076551,30.272718496222694
"
雪峰清泰花苑
",48194,1,上城,清泰,120.18495746891915,30.25422530843648
"
绿城晓月和风
",48189,14,滨江,彩虹城,120.16599504807847,30.193946787694706
"
金都华庭
",48174,19,拱墅,流水苑,120.18193485053918,30.283699746777703
"
嘉南公寓青藤居
",48172,10,西湖,文一西路,120.1017573108905,30.293234255956367
"
莫干山路613号
",48168,2,西湖,文教,120.1490944180443,30.29840379574522
"
邮政公寓
",48162,5,上城,采荷,120.1955934061573,30.257218519890504
"
武林桥河下
",48146,19,拱墅,武林,120.16669500773185,30.273819031954538
"
金棕榈花园
",48077,44,上城,复兴,120.17061368585803,30.212874941969325
"
乐虹湾
",48057,128,萧山,湘湖,120.23414598372901,30.176086157567827
"
莫干山路343
",48050,2,西湖,文教,120.1590869888762,30.29021003371747
"
阳光城未来悦MAX
",48046,126,余杭,未来科技城,119.99421675659404,30.27466582933951
"
招商远洋春秋华庭
",48032,53,拱墅,运河新城,120.16928095980343,30.341606037129758
"
钱江时代公寓
",48031,58,上城,近江,120.21183414096383,30.24074598075207
"
天目山路20号
",48021,1,西湖,文三,120.13162129790862,30.246016042927103
"
保俶北路46号
",48018,1,西湖,文教,120.14496634490375,30.286247420976217
"
白金海岸
",48017,63,滨江,长河,120.1947392972784,30.208795492827246
"
采荷街道青荷苑
",48000,15,上城,采荷,120.20284057568959,30.255886014048816
"
安吉路
",48000,10,拱墅,武林,120.16763804885623,30.27415252753294
"
盛元慧谷
",47987,57,滨江,彩虹城,120.17081167239242,30.196604112781745
"
绿城汀岸芷兰轩
",47965,12,西湖,之江,120.09960110817491,30.16225932580874
"
宋都凯旋苑
",47932,40,上城,采荷,120.19933098589266,30.25570032277078
"
望林府
",47929,127,拱墅,万达广场,120.1177237031943,30.337706147241637
"
府新花园西区
",47918,13,西湖,文三西路,120.09820801599004,30.283937076168193
"
华夏四季
",47893,146,余杭,未来科技城,120.04062564466439,30.302337538079716
"
红石中央花苑
",47868,9,拱墅,湖墅,120.15975110613972,30.29070500786308
"
采荷小区芙蓉邨
",47827,15,上城,采荷,120.20187103455267,30.258928149769496
"
云裳公寓
",47812,3,拱墅,建国北路,120.18810288566235,30.27661047238058
"
高运莱茵传奇
",47805,44,萧山,萧山新城区,120.25150430042054,30.199547906138612
"
绿城兰桂花园
",47786,23,西湖,文一西路,120.10677255055272,30.289610744428625
"
近江家园五园
",47768,28,上城,近江,120.20701625902217,30.23821170038455
"
上河公元里
",47741,13,拱墅,运河新城,120.14176954508541,30.334596268246806
"
当弄新村
",47715,1,西湖,申花,120.08875155388651,30.323440590764502
"
皇亲苑
",47690,24,拱墅,天水,120.17228121037621,30.270575948051107
"
中国铁建国际城
",47620,75,拱墅,拱宸桥,120.16642111438186,30.335452899511523
"
众安蒲荷芸邸
",47617,60,余杭,未来科技城,119.98876538960674,30.271489521334335
"
钱江四苑
",47616,4,上城,钱江新城,120.21997898719226,30.26590470647034
"
秋涛路178号
",47609,3,上城,南星,120.18505277913376,30.227697749156242
"
孝丰路小区
",47603,9,拱墅,武林,120.16487495093808,30.27146144990351
"
万科公望
",47577,36,富阳,东洲,120.02681258049854,30.088477604320822
"
名城燕园
",47521,34,拱墅,桥西,120.14055773095244,30.3170597300313
"
国都公寓
",47504,41,拱墅,众安桥,120.17466297760535,30.269451202470137
"
木材新村
",47499,27,上城,南星,120.18575067268448,30.227405674409617
"
大关公寓
",47490,1,拱墅,和睦,120.14504054493888,30.309990273145964
"
武林路
",47480,51,拱墅,武林,120.16763804885623,30.27415252753294
"
比胜庙巷13号
",47479,1,上城,湖滨,120.17504053541121,30.25259811074549
"
和谐嘉园南苑
",47451,17,上城,采荷,120.21594029544994,30.258244129854116
